RefrigerantMassFlow_kg_s,WaterInletTemp_C,CondenserCapacity_kW,WaterTempRise_K,RefrigerantDeltaP_Pa
0.025,26,-7.36959382193986,2.46429018521866,11.5061407294124
0.05,26,-15.1300477906832,4.84931499670756,74.20791925909
0.075,26,-22.842708161715,7.10190261893104,156.169325180352
0.025,30,-7.25455517093314,2.26144778872043,12.3434665491804
0.05,30,-14.7971814913724,4.64906601386417,79.7887484878302
0.075,30,-22.2655326358477,6.86084362731509,196.533317281865
0.025,34,-7.12113332644151,2.05785295122121,20.7073092828505
0.05,34,-14.3696723123069,4.42927609481916,122.408910081256
0.075,34,-18.6959141792587,5.71505087682613,582.684790365398
